ՏԸՀ N,տեղամաս N,total,part_11,part_14,part_17,part_20
Թիվ 1 ԸԸՀ,1,1934,85,243,401,549
Թիվ 1 ԸԸՀ,2,1933,119,308,434,621
Թիվ 1 ԸԸՀ,3,1932,100,242,361,517
Թիվ 1 ԸԸՀ,4,1956,146,289,431,602
Թիվ 1 ԸԸՀ,5,1845,137,280,454,575
Թիվ 1 ԸԸՀ,6,1846,91,241,380,534
Թիվ 1 ԸԸՀ,7,1491,100,271,405,512
Թիվ 1 ԸԸՀ,8,1445,105,248,353,459
Թիվ 1 ԸԸՀ,9,1556,107,283,418,553
Թիվ 1 ԸԸՀ,10,1813,130,306,451,603
Թիվ 1 ԸԸՀ,11,1803,104,271,451,603
Թիվ 1 ԸԸՀ,12,1763,123,304,405,553
Թիվ 1 ԸԸՀ,13,1717,114,273,412,553
Թիվ 1 ԸԸՀ,14,1812,108,262,469,591
Թիվ 1 ԸԸՀ,15,1709,137,264,373,480
Թիվ 1 ԸԸՀ,16,1311,82,212,312,412
Թիվ 1 ԸԸՀ,17,1377,118,261,368,486
Թիվ 1 ԸԸՀ,18,1840,107,292,483,662
Թիվ 1 ԸԸՀ,19,1712,107,267,446,574
Թիվ 1 ԸԸՀ,20,1962,106,303,494,733
Թիվ 1 ԸԸՀ,21,1468,110,254,398,507
Թիվ 1 ԸԸՀ,22,1571,108,248,368,514
Թիվ 1 ԸԸՀ,23,1234,86,192,306,382
,,,,,,
Ընդ.,23,39030,2530,6114,9373,12575
Թիվ 2 ԸԸՀ,1,1994,116,342,525,685
Թիվ 2 ԸԸՀ,2,1773,119,277,433,556
Թիվ 2 ԸԸՀ,3,1800,124,285,439,592
Թիվ 2 ԸԸՀ,4,1634,119,271,442,602
Թիվ 2 ԸԸՀ,5,1592,94,238,377,502
Թիվ 2 ԸԸՀ,6,1752,95,240,370,516
Թիվ 2 ԸԸՀ,7,1803,97,210,337,433
Թիվ 2 ԸԸՀ,8,1830,125,252,393,532
Թիվ 2 ԸԸՀ,9,1874,119,253,392,507
Թիվ 2 ԸԸՀ,10,1966,154,308,468,606
Թիվ 2 ԸԸՀ,11,1866,98,264,397,555
Թիվ 2 ԸԸՀ,12,1902,162,315,488,609
Թիվ 2 ԸԸՀ,13,1705,110,266,426,542
Թիվ 2 ԸԸՀ,14,1596,98,232,341,434
Թիվ 2 ԸԸՀ,15,1513,81,209,349,437
Թիվ 2 ԸԸՀ,16,1731,92,259,407,533
Թիվ 2 ԸԸՀ,17,1850,124,275,399,519
Թիվ 2 ԸԸՀ,18,1794,99,260,389,534
Թիվ 2 ԸԸՀ,19,1414,98,249,356,484
Թիվ 2 ԸԸՀ,20,1767,167,321,452,611
Թիվ 2 ԸԸՀ,21,1237,50,143,211,295
Թիվ 2 ԸԸՀ,22,956,74,160,208,296
Թիվ 2 ԸԸՀ,23,1821,111,291,432,586
Թիվ 2 ԸԸՀ,24,1679,117,274,424,556
Թիվ 2 ԸԸՀ,25,1750,103,240,377,501
Թիվ 2 ԸԸՀ,26,1933,137,326,480,637
Թիվ 2 ԸԸՀ,27,1693,148,307,438,572
Թիվ 2 ԸԸՀ,28,1478,80,176,295,385
Թիվ 2 ԸԸՀ,29,1467,92,205,292,428
Թիվ 2 ԸԸՀ,30,1409,101,243,352,480
Թիվ 2 ԸԸՀ,31,1592,142,283,390,505
Թիվ 2 ԸԸՀ,32,1704,90,220,329,446
Թիվ 2 ԸԸՀ,33,1636,98,209,301,395
Թիվ 2 ԸԸՀ,34,1862,155,311,436,582
Թիվ 2 ԸԸՀ,35,1767,95,210,340,481
Թիվ 2 ԸԸՀ,36,1693,107,198,301,423
Թիվ 2 ԸԸՀ,37,1510,68,154,237,333
Թիվ 2 ԸԸՀ,38,1741,92,246,372,536
Թիվ 2 ԸԸՀ,39,1990,93,269,417,541
Թիվ 2 ԸԸՀ,40,1759,118,301,443,559
Թիվ 2 ԸԸՀ,41,1747,62,231,376,491
Թիվ 2 ԸԸՀ,42,1816,111,260,424,570
Թիվ 2 ԸԸՀ,43,1661,78,209,344,467
Թիվ 2 ԸԸՀ,44,1996,107,224,380,539
Թիվ 2 ԸԸՀ,45,1889,95,250,390,517
Թիվ 2 ԸԸՀ,46,1894,98,301,438,569
Թիվ 2 ԸԸՀ,47,1842,107,273,381,528
Թիվ 2 ԸԸՀ,48,1839,108,196,292,399
Թիվ 2 ԸԸՀ,49,1459,90,198,299,410
Թիվ 2 ԸԸՀ,50,1780,98,237,383,496
Թիվ 2 ԸԸՀ,51,1822,116,263,415,595
Թիվ 2 ԸԸՀ,52,1569,96,250,374,488
Թիվ 2 ԸԸՀ,53,1444,85,212,339,433
Թիվ 2 ԸԸՀ,54,1556,86,234,376,493
Թիվ 2 ԸԸՀ,55,1559,86,222,325,420
Թիվ 2 ԸԸՀ,56,1854,94,254,412,559
Թիվ 2 ԸԸՀ,57,1937,116,275,445,589
,,,,,,
Ընդ.,57,97497,5995,14181,21648,28889
Թիվ 3 ԸԸՀ,1,1918,81,197,300,427
Թիվ 3 ԸԸՀ,2,1813,87,219,329,466
Թիվ 3 ԸԸՀ,3,1926,124,280,429,548
Թիվ 3 ԸԸՀ,4,1886,132,294,452,581
Թիվ 3 ԸԸՀ,5,1582,42,124,217,317
Թիվ 3 ԸԸՀ,6,1859,130,258,383,497
Թիվ 3 ԸԸՀ,7,1695,97,224,323,431
Թիվ 3 ԸԸՀ,8,1673,99,183,265,393
Թիվ 3 ԸԸՀ,9,1913,190,369,518,697
Թիվ 3 ԸԸՀ,10,2024,150,391,585,731
Թիվ 3 ԸԸՀ,11,1900,151,351,496,689
Թիվ 3 ԸԸՀ,12,1758,108,307,481,647
Թիվ 3 ԸԸՀ,13,1827,123,270,411,551
Թիվ 3 ԸԸՀ,14,1774,127,294,437,555
Թիվ 3 ԸԸՀ,15,1816,167,309,420,542
Թիվ 3 ԸԸՀ,16,1875,145,327,484,592
Թիվ 3 ԸԸՀ,17,1418,85,217,319,441
Թիվ 3 ԸԸՀ,18,1804,102,261,392,509
Թիվ 3 ԸԸՀ,19,1929,128,303,461,593
Թիվ 3 ԸԸՀ,20,1833,145,273,381,524
Թիվ 3 ԸԸՀ,21,1751,117,275,416,570
Թիվ 3 ԸԸՀ,22,1763,120,293,473,633
Թիվ 3 ԸԸՀ,23,1965,158,354,532,700
Թիվ 3 ԸԸՀ,24,1773,122,291,434,590
Թիվ 3 ԸԸՀ,25,1816,117,273,414,560
Թիվ 3 ԸԸՀ,26,1902,115,232,477,610
Թիվ 3 ԸԸՀ,27,1886,115,263,406,545
Թիվ 3 ԸԸՀ,28,1857,124,328,471,599
Թիվ 3 ԸԸՀ,29,1490,85,222,345,461
Թիվ 3 ԸԸՀ,30,1807,60,164,258,376
Թիվ 3 ԸԸՀ,31,898,37,64,106,176
Թիվ 3 ԸԸՀ,32,1600,111,250,370,455
,,,,,,
Ընդ.,32,56731,3694,8460,12785,17006
Թիվ 4 ԸԸՀ,1,1606,135,280,426,518
Թիվ 4 ԸԸՀ,2,1828,103,220,307,396
Թիվ 4 ԸԸՀ,3,1916,150,263,441,583
Թիվ 4 ԸԸՀ,4,1712,93,269,400,500
Թիվ 4 ԸԸՀ,5,1823,111,274,436,577
Թիվ 4 ԸԸՀ,6,1870,106,290,426,589
Թիվ 4 ԸԸՀ,7,1998,142,325,516,664
Թիվ 4 ԸԸՀ,8,1754,96,265,407,526
Թիվ 4 ԸԸՀ,9,1998,95,276,446,592
Թիվ 4 ԸԸՀ,10,1918,105,253,375,521
Թիվ 4 ԸԸՀ,11,1833,124,258,406,517
Թիվ 4 ԸԸՀ,12,1902,104,285,445,568
Թիվ 4 ԸԸՀ,13,1951,100,270,421,551
Թիվ 4 ԸԸՀ,14,1793,105,259,420,564
Թիվ 4 ԸԸՀ,15,1839,100,251,415,508
Թիվ 4 ԸԸՀ,16,1744,93,271,414,530
Թիվ 4 ԸԸՀ,17,1746,97,265,427,542
Թիվ 4 ԸԸՀ,18,1870,93,278,442,584
Թիվ 4 ԸԸՀ,19,1927,121,290,443,598
Թիվ 4 ԸԸՀ,20,1632,96,289,429,551
Թիվ 4 ԸԸՀ,21,1744,121,255,464,638
Թիվ 4 ԸԸՀ,22,1664,100,256,412,537
Թիվ 4 ԸԸՀ,23,1944,124,303,494,648
Թիվ 4 ԸԸՀ,24,1770,130,298,441,567
Թիվ 4 ԸԸՀ,25,1838,95,263,353,461
Թիվ 4 ԸԸՀ,26,1473,67,222,355,479
Թիվ 4 ԸԸՀ,27,1584,51,170,326,442
Թիվ 4 ԸԸՀ,28,1833,104,285,457,605
Թիվ 4 ԸԸՀ,29,1842,109,248,401,547
Թիվ 4 ԸԸՀ,30,1870,110,296,468,599
Թիվ 4 ԸԸՀ,31,1697,76,221,365,490
Թիվ 4 ԸԸՀ,32,1270,60,175,312,400
Թիվ 4 ԸԸՀ,33,1786,99,245,399,518
Թիվ 4 ԸԸՀ,34,1266,67,191,316,404
Թիվ 4 ԸԸՀ,35,1905,87,267,432,569
Թիվ 4 ԸԸՀ,36,1691,101,219,347,472
Թիվ 4 ԸԸՀ,37,1723,104,257,380,543
Թիվ 4 ԸԸՀ,38,1223,104,252,355,450
Թիվ 4 ԸԸՀ,39,1596,100,260,377,515
Թիվ 4 ԸԸՀ,40,1806,105,270,415,562
Թիվ 4 ԸԸՀ,41,1861,103,262,413,560
Թիվ 4 ԸԸՀ,42,1804,91,286,442,572
Թիվ 4 ԸԸՀ,43,1818,102,296,461,596
Թիվ 4 ԸԸՀ,44,1779,90,279,470,600
Թիվ 4 ԸԸՀ,45,1631,92,265,390,501
Թիվ 4 ԸԸՀ,46,1689,99,283,470,600
Թիվ 4 ԸԸՀ,47,1451,62,197,320,441
Թիվ 4 ԸԸՀ,48,1523,62,230,384,500
Թիվ 4 ԸԸՀ,49,1523,97,259,415,528
Թիվ 4 ԸԸՀ,50,1953,94,246,393,534
Թիվ 4 ԸԸՀ,51,1907,153,367,523,648
Թիվ 4 ԸԸՀ,52,1808,108,317,480,632
Թիվ 4 ԸԸՀ,53,1801,106,274,420,559
Թիվ 4 ԸԸՀ,54,1804,71,247,442,605
,,,,,,
Ընդ.,54,94537,5413,14192,22334,29301
Թիվ 5 ԸԸՀ,1,1924,116,236,364,513
Թիվ 5 ԸԸՀ,2,1911,118,238,412,554
Թիվ 5 ԸԸՀ,3,1902,100,242,373,516
Թիվ 5 ԸԸՀ,4,1839,125,329,510,666
Թիվ 5 ԸԸՀ,5,1875,108,231,394,526
Թիվ 5 ԸԸՀ,6,1901,126,318,493,669
Թիվ 5 ԸԸՀ,7,1833,150,314,487,606
Թիվ 5 ԸԸՀ,8,1960,138,319,526,693
Թիվ 5 ԸԸՀ,9,1584,128,296,414,632
Թիվ 5 ԸԸՀ,10,1868,98,241,342,490
Թիվ 5 ԸԸՀ,11,1494,92,230,335,434
Թիվ 5 ԸԸՀ,12,1594,100,242,348,488
Թիվ 5 ԸԸՀ,13,1571,117,251,404,544
Թիվ 5 ԸԸՀ,14,1577,105,235,349,480
Թիվ 5 ԸԸՀ,15,1590,110,271,408,537
Թիվ 5 ԸԸՀ,16,1695,129,274,430,559
Թիվ 5 ԸԸՀ,17,1962,158,338,465,599
Թիվ 5 ԸԸՀ,18,1720,148,339,475,619
Թիվ 5 ԸԸՀ,19,1684,127,284,420,584
,,,,,,
Ընդ.,19,33484,2293,5228,7949,10709
Թիվ 6 ԸԸՀ,1,1683,87,241,388,544
Թիվ 6 ԸԸՀ,2,1804,108,261,389,535
Թիվ 6 ԸԸՀ,3,1464,107,282,409,534
Թիվ 6 ԸԸՀ,4,1727,113,311,428,544
Թիվ 6 ԸԸՀ,5,1581,82,225,359,471
Թիվ 6 ԸԸՀ,6,1819,155,308,422,585
Թիվ 6 ԸԸՀ,7,1765,101,237,340,461
Թիվ 6 ԸԸՀ,8,1807,67,155,250,351
Թիվ 6 ԸԸՀ,9,1833,114,232,337,466
Թիվ 6 ԸԸՀ,10,1854,96,228,301,393
Թիվ 6 ԸԸՀ,11,1072,61,167,253,335
Թիվ 6 ԸԸՀ,12,1593,100,210,319,459
Թիվ 6 ԸԸՀ,13,1379,139,331,450,540
Թիվ 6 ԸԸՀ,14,1979,106,295,430,539
Թիվ 6 ԸԸՀ,15,1767,100,263,390,551
Թիվ 6 ԸԸՀ,16,1460,87,245,346,459
Թիվ 6 ԸԸՀ,17,1415,102,231,329,430
Թիվ 6 ԸԸՀ,18,1545,104,260,406,518
Թիվ 6 ԸԸՀ,19,1454,82,224,348,450
Թիվ 6 ԸԸՀ,20,1120,64,170,259,322
Թիվ 6 ԸԸՀ,21,1701,100,270,415,552
Թիվ 6 ԸԸՀ,22,1535,95,240,345,473
Թիվ 6 ԸԸՀ,23,1374,69,228,331,436
Թիվ 6 ԸԸՀ,24,1841,117,273,399,569
Թիվ 6 ԸԸՀ,25,1720,96,227,343,467
Թիվ 6 ԸԸՀ,26,1881,74,211,363,495
Թիվ 6 ԸԸՀ,27,1742,90,216,346,480
Թիվ 6 ԸԸՀ,28,1592,98,245,376,484
Թիվ 6 ԸԸՀ,29,1761,103,243,374,486
Թիվ 6 ԸԸՀ,30,1763,97,283,384,507
Թիվ 6 ԸԸՀ,31,1598,95,230,340,460
Թիվ 6 ԸԸՀ,32,1523,89,199,304,386
Թիվ 6 ԸԸՀ,33,1844,130,260,386,547
Թիվ 6 ԸԸՀ,34,1790,70,220,331,465
Թիվ 6 ԸԸՀ,35,1260,72,168,250,350
Թիվ 6 ԸԸՀ,36,1727,100,227,347,481
Թիվ 6 ԸԸՀ,37,1743,70,224,365,502
Թիվ 6 ԸԸՀ,38,1476,47,126,212,332
Թիվ 6 ԸԸՀ,39,1574,83,197,325,447
Թիվ 6 ԸԸՀ,40,1254,65,140,220,310
Թիվ 6 ԸԸՀ,41,1366,45,110,214,297
Թիվ 6 ԸԸՀ,42,1850,70,173,284,401
Թիվ 6 ԸԸՀ,43,1964,64,151,245,307
Թիվ 6 ԸԸՀ,44,1769,80,162,250,342
Թիվ 6 ԸԸՀ,45,1648,54,107,166,262
Թիվ 6 ԸԸՀ,46,1617,65,175,278,408
Թիվ 6 ԸԸՀ,47,1204,33,110,188,260
Թիվ 6 ԸԸՀ,48,750,38,118,183,226
Թիվ 6 ԸԸՀ,49,1413,119,267,378,478
Թիվ 6 ԸԸՀ,50,1467,79,237,350,476
Թիվ 6 ԸԸՀ,51,1499,100,309,445,564
Թիվ 6 ԸԸՀ,52,1647,88,255,371,492
,,,,,,
Ընդ.,52,83014,4570,11477,17261,23229
Թիվ 7 ԸԸՀ,1,1763,143,262,374,527
Թիվ 7 ԸԸՀ,2,1680,103,215,321,416
Թիվ 7 ԸԸՀ,3,1809,105,222,315,455
Թիվ 7 ԸԸՀ,4,1606,68,188,315,417
Թիվ 7 ԸԸՀ,5,1933,98,252,335,459
Թիվ 7 ԸԸՀ,6,1622,105,232,369,477
Թիվ 7 ԸԸՀ,7,1883,104,223,344,465
Թիվ 7 ԸԸՀ,8,1858,111,248,344,521
Թիվ 7 ԸԸՀ,9,1842,121,272,384,510
Թիվ 7 ԸԸՀ,10,1854,111,249,382,508
Թիվ 7 ԸԸՀ,11,1856,85,191,295,438
Թիվ 7 ԸԸՀ,12,1856,112,240,337,462
Թիվ 7 ԸԸՀ,13,1877,97,204,330,431
Թիվ 7 ԸԸՀ,14,1860,119,263,375,493
Թիվ 7 ԸԸՀ,15,2000,163,324,448,597
Թիվ 7 ԸԸՀ,16,1925,131,270,385,515
Թիվ 7 ԸԸՀ,17,1846,100,223,318,423
Թիվ 7 ԸԸՀ,18,1505,92,189,285,416
Թիվ 7 ԸԸՀ,19,1540,88,214,329,429
Թիվ 7 ԸԸՀ,20,1948,123,274,371,496
Թիվ 7 ԸԸՀ,21,1523,65,165,270,358
Թիվ 7 ԸԸՀ,22,1687,91,235,339,432
Թիվ 7 ԸԸՀ,23,1795,56,180,302,408
Թիվ 7 ԸԸՀ,24,1301,66,168,263,356
Թիվ 7 ԸԸՀ,25,1753,83,183,282,404
Թիվ 7 ԸԸՀ,26,1870,96,205,300,426
Թիվ 7 ԸԸՀ,27,1703,69,164,264,376
Թիվ 7 ԸԸՀ,28,1944,111,252,360,485
Թիվ 7 ԸԸՀ,29,1990,89,233,378,504
Թիվ 7 ԸԸՀ,30,1837,82,200,334,480
Թիվ 7 ԸԸՀ,31,1799,98,212,313,419
Թիվ 7 ԸԸՀ,32,1829,138,283,413,551
Թիվ 7 ԸԸՀ,33,1803,73,170,331,477
Թիվ 7 ԸԸՀ,34,1662,86,205,318,420
Թիվ 7 ԸԸՀ,35,1689,66,158,270,397
Թիվ 7 ԸԸՀ,36,1679,106,223,350,440
Թիվ 7 ԸԸՀ,37,1861,86,223,331,447
Թիվ 7 ԸԸՀ,38,1833,119,253,377,485
Թիվ 7 ԸԸՀ,39,1903,91,246,400,539
Թիվ 7 ԸԸՀ,40,1887,103,206,324,439
Թիվ 7 ԸԸՀ,41,1742,101,214,318,421
Թիվ 7 ԸԸՀ,42,1707,103,241,338,445
Թիվ 7 ԸԸՀ,43,1873,95,230,341,461
Թիվ 7 ԸԸՀ,44,1910,144,269,397,539
Թիվ 7 ԸԸՀ,45,1888,115,260,391,497
Թիվ 7 ԸԸՀ,46,1896,131,302,433,544
Թիվ 7 ԸԸՀ,47,1915,130,251,370,493
Թիվ 7 ԸԸՀ,48,1898,141,334,468,610
Թիվ 7 ԸԸՀ,49,1736,110,258,415,506
Թիվ 7 ԸԸՀ,50,1826,116,284,408,525
Թիվ 7 ԸԸՀ,51,1740,96,212,328,450
Թիվ 7 ԸԸՀ,52,1241,75,157,259,360
Թիվ 7 ԸԸՀ,53,1462,107,206,294,372
Թիվ 7 ԸԸՀ,54,1413,91,189,286,383
Թիվ 7 ԸԸՀ,55,1826,97,214,313,439
Թիվ 7 ԸԸՀ,56,1776,90,211,311,414
Թիվ 7 ԸԸՀ,57,1748,110,206,302,412
Թիվ 7 ԸԸՀ,58,1698,100,222,331,444
Թիվ 7 ԸԸՀ,59,1781,113,276,400,523
Թիվ 7 ԸԸՀ,60,1830,60,132,256,354
,,,,,,
Ընդ.,60,106317,6078,13587,20434,27490
Թիվ 8 ԸԸՀ,1,1762,103,235,337,418
Թիվ 8 ԸԸՀ,2,1436,126,218,334,442
Թիվ 8 ԸԸՀ,3,1497,133,271,395,489
Թիվ 8 ԸԸՀ,4,1873,139,286,425,529
Թիվ 8 ԸԸՀ,5,1825,93,256,378,500
Թիվ 8 ԸԸՀ,6,1818,122,247,383,489
Թիվ 8 ԸԸՀ,7,1748,127,269,393,508
Թիվ 8 ԸԸՀ,8,1762,125,242,380,512
Թիվ 8 ԸԸՀ,9,1758,107,235,357,471
Թիվ 8 ԸԸՀ,10,1782,143,298,451,550
Թիվ 8 ԸԸՀ,11,1828,101,243,366,474
Թիվ 8 ԸԸՀ,12,1879,126,336,458,587
Թիվ 8 ԸԸՀ,13,1757,110,254,395,531
Թիվ 8 ԸԸՀ,14,1563,92,216,346,456
Թիվ 8 ԸԸՀ,15,1823,105,237,348,461
Թիվ 8 ԸԸՀ,16,1816,108,236,380,510
Թիվ 8 ԸԸՀ,17,1896,116,285,407,540
Թիվ 8 ԸԸՀ,18,1732,90,205,341,476
Թիվ 8 ԸԸՀ,19,1764,109,240,385,526
Թիվ 8 ԸԸՀ,20,1818,74,213,357,477
Թիվ 8 ԸԸՀ,21,1891,117,277,413,535
Թիվ 8 ԸԸՀ,22,1800,108,218,322,410
Թիվ 8 ԸԸՀ,23,1894,95,232,375,495
Թիվ 8 ԸԸՀ,24,1744,115,250,353,476
Թիվ 8 ԸԸՀ,25,2051,148,295,433,548
Թիվ 8 ԸԸՀ,26,1861,112,266,404,527
Թիվ 8 ԸԸՀ,27,1780,110,275,400,542
Թիվ 8 ԸԸՀ,28,1718,106,309,463,601
Թիվ 8 ԸԸՀ,29,1768,109,257,392,519
Թիվ 8 ԸԸՀ,30,1879,124,286,471,624
Թիվ 8 ԸԸՀ,31,1818,120,261,430,556
Թիվ 8 ԸԸՀ,32,1712,88,206,310,416
Թիվ 8 ԸԸՀ,33,1752,100,238,341,473
Թիվ 8 ԸԸՀ,34,1353,70,177,270,381
Թիվ 8 ԸԸՀ,35,1297,72,174,257,356
Թիվ 8 ԸԸՀ,36,1604,102,202,263,340
Թիվ 8 ԸԸՀ,37,1756,80,171,252,340
Թիվ 8 ԸԸՀ,38,1500,107,242,330,435
Թիվ 8 ԸԸՀ,39,1775,85,177,303,452
Թիվ 8 ԸԸՀ,40,1644,76,175,257,341
Թիվ 8 ԸԸՀ,41,1576,82,155,251,382
Թիվ 8 ԸԸՀ,42,1815,112,222,323,422
Թիվ 8 ԸԸՀ,43,1813,118,245,368,481
Թիվ 8 ԸԸՀ,44,1821,78,201,275,370
Թիվ 8 ԸԸՀ,45,1499,78,183,264,372
Թիվ 8 ԸԸՀ,46,1834,110,231,314,416
Թիվ 8 ԸԸՀ,47,1750,86,226,305,426
Թիվ 8 ԸԸՀ,48,1703,73,195,297,429
Թիվ 8 ԸԸՀ,49,1853,86,240,355,496
Թիվ 8 ԸԸՀ,50,1871,105,249,383,488
Թիվ 8 ԸԸՀ,51,1858,99,227,333,453
Թիվ 8 ԸԸՀ,52,1832,141,261,383,513
Թիվ 8 ԸԸՀ,53,1814,131,272,423,605
Թիվ 8 ԸԸՀ,54,1879,140,263,413,551
Թիվ 8 ԸԸՀ,55,1729,84,186,305,430
Թիվ 8 ԸԸՀ,56,1999,107,217,342,496
Թիվ 8 ԸԸՀ,57,1846,107,271,397,521
Թիվ 8 ԸԸՀ,58,1485,75,158,233,314
Թիվ 8 ԸԸՀ,59,1774,83,171,270,399
Թիվ 8 ԸԸՀ,60,1715,136,224,312,432
Թիվ 8 ԸԸՀ,61,1691,88,167,252,378
Թիվ 8 ԸԸՀ,62,1981,84,175,238,314
Թիվ 8 ԸԸՀ,63,1908,88,173,254,356
,,,,,,
Ընդ.,63,110780,6584,14622,21945,29357
Թիվ 9 ԸԸՀ,1,1879,80,227,367,509
Թիվ 9 ԸԸՀ,2,1766,94,237,363,487
Թիվ 9 ԸԸՀ,3,1481,115,263,400,481
Թիվ 9 ԸԸՀ,4,1852,150,353,531,660
Թիվ 9 ԸԸՀ,5,1826,111,313,447,560
Թիվ 9 ԸԸՀ,6,1863,148,301,469,617
Թիվ 9 ԸԸՀ,7,1609,73,178,261,365
Թիվ 9 ԸԸՀ,8,1772,93,223,365,479
Թիվ 9 ԸԸՀ,9,1743,86,208,339,440
Թիվ 9 ԸԸՀ,10,1149,69,157,246,319
Թիվ 9 ԸԸՀ,11,1762,145,308,454,572
Թիվ 9 ԸԸՀ,12,1880,132,285,456,582
Թիվ 9 ԸԸՀ,13,1691,100,258,398,523
Թիվ 9 ԸԸՀ,14,1611,97,269,430,571
Թիվ 9 ԸԸՀ,15,1622,81,227,481,490
Թիվ 9 ԸԸՀ,16,2044,100,252,403,532
Թիվ 9 ԸԸՀ,17,1427,74,226,354,474
Թիվ 9 ԸԸՀ,18,1656,84,232,400,511
Թիվ 9 ԸԸՀ,19,1686,87,271,393,494
Թիվ 9 ԸԸՀ,20,957,63,138,213,286
Թիվ 9 ԸԸՀ,21,1833,85,257,430,567
Թիվ 9 ԸԸՀ,22,1987,82,289,488,618
Թիվ 9 ԸԸՀ,23,1649,70,245,428,583
Թիվ 9 ԸԸՀ,24,1799,100,286,481,663
Թիվ 9 ԸԸՀ,25,1921,96,290,474,628
Թիվ 9 ԸԸՀ,26,1894,97,296,488,626
Թիվ 9 ԸԸՀ,27,1925,75,209,365,470
Թիվ 9 ԸԸՀ,28,1731,81,210,344,427
Թիվ 9 ԸԸՀ,29,1441,71,182,302,382
Թիվ 9 ԸԸՀ,30,1671,74,211,329,459
Թիվ 9 ԸԸՀ,31,1781,90,284,467,605
Թիվ 9 ԸԸՀ,32,1932,90,289,433,580
Թիվ 9 ԸԸՀ,33,1855,90,206,323,460
Թիվ 9 ԸԸՀ,34,1700,100,260,413,544
Թիվ 9 ԸԸՀ,35,1801,130,291,443,611
Թիվ 9 ԸԸՀ,36,1852,98,265,424,559
Թիվ 9 ԸԸՀ,37,1930,114,285,459,608
Թիվ 9 ԸԸՀ,38,1798,110,285,423,589
Թիվ 9 ԸԸՀ,39,1612,74,231,361,469
Թիվ 9 ԸԸՀ,40,1729,98,304,498,639
Թիվ 9 ԸԸՀ,41,1974,113,335,555,718
Թիվ 9 ԸԸՀ,42,1885,102,325,514,679
Թիվ 9 ԸԸՀ,43,1873,76,257,498,589
Թիվ 9 ԸԸՀ,44,1531,70,204,331,453
Թիվ 9 ԸԸՀ,45,1963,93,277,492,621
Թիվ 9 ԸԸՀ,46,1613,55,198,339,438
Թիվ 9 ԸԸՀ,47,1923,72,261,462,600
Թիվ 9 ԸԸՀ,48,1587,51,240,411,533
Թիվ 9 ԸԸՀ,49,1355,52,190,332,449
Թիվ 9 ԸԸՀ,50,1527,73,266,432,533
Թիվ 9 ԸԸՀ,51,1885,112,336,524,664
Թիվ 9 ԸԸՀ,52,1815,79,281,473,571
Թիվ 9 ԸԸՀ,53,1914,143,332,496,595
Թիվ 9 ԸԸՀ,54,1897,145,324,456,624
Թիվ 9 ԸԸՀ,55,1940,119,267,394,526
Թիվ 9 ԸԸՀ,56,1943,85,186,260,358
Թիվ 9 ԸԸՀ,57,1895,98,192,261,358
Թիվ 9 ԸԸՀ,58,1918,81,244,390,544
Թիվ 9 ԸԸՀ,59,2060,98,305,471,635
Թիվ 9 ԸԸՀ,60,1974,64,211,358,501
,,,,,,
Ընդ.,60,105589,5588,15332,24592,32028
Թիվ 10 ԸԸՀ,1,1908,76,245,415,569
Թիվ 10 ԸԸՀ,2,1787,93,241,359,475
Թիվ 10 ԸԸՀ,3,1876,87,159,233,327
Թիվ 10 ԸԸՀ,4,1823,82,179,301,408
Թիվ 10 ԸԸՀ,5,1833,79,144,215,291
Թիվ 10 ԸԸՀ,6,1896,52,125,225,299
Թիվ 10 ԸԸՀ,7,1833,133,294,432,543
Թիվ 10 ԸԸՀ,8,1815,129,244,356,450
Թիվ 10 ԸԸՀ,9,1822,94,217,312,441
Թիվ 10 ԸԸՀ,10,1769,171,326,461,573
Թիվ 10 ԸԸՀ,11,1885,55,203,342,472
Թիվ 10 ԸԸՀ,12,1723,92,237,349,465
Թիվ 10 ԸԸՀ,13,1818,84,211,329,456
Թիվ 10 ԸԸՀ,14,1602,93,205,324,444
Թիվ 10 ԸԸՀ,15,1730,87,223,388,457
Թիվ 10 ԸԸՀ,16,1819,100,231,341,424
Թիվ 10 ԸԸՀ,17,1810,97,244,331,441
Թիվ 10 ԸԸՀ,18,1850,65,168,258,362
Թիվ 10 ԸԸՀ,19,1819,85,205,322,438
Թիվ 10 ԸԸՀ,20,1616,103,228,336,428
Թիվ 10 ԸԸՀ,21,1809,80,201,304,413
Թիվ 10 ԸԸՀ,22,1739,79,227,367,501
Թիվ 10 ԸԸՀ,23,1738,103,245,355,486
Թիվ 10 ԸԸՀ,24,1731,83,169,277,410
Թիվ 10 ԸԸՀ,25,1546,82,198,308,418
Թիվ 10 ԸԸՀ,26,1746,100,258,366,491
Թիվ 10 ԸԸՀ,27,1735,86,233,334,417
Թիվ 10 ԸԸՀ,28,1831,85,202,329,453
Թիվ 10 ԸԸՀ,29,1828,110,249,385,521
Թիվ 10 ԸԸՀ,30,1864,108,226,312,413
Թիվ 10 ԸԸՀ,31,1594,62,171,261,378
Թիվ 10 ԸԸՀ,32,1375,45,119,213,313
Թիվ 10 ԸԸՀ,33,1816,66,152,232,326
Թիվ 10 ԸԸՀ,34,1907,59,156,237,324
Թիվ 10 ԸԸՀ,35,1791,71,164,261,381
Թիվ 10 ԸԸՀ,36,1861,84,173,294,415
Թիվ 10 ԸԸՀ,37,1836,92,201,329,479
Թիվ 10 ԸԸՀ,38,1834,75,196,319,428
Թիվ 10 ԸԸՀ,39,1841,103,287,402,507
Թիվ 10 ԸԸՀ,40,1833,105,254,385,519
Թիվ 10 ԸԸՀ,41,1892,67,214,359,475
Թիվ 10 ԸԸՀ,42,1810,91,236,377,488
Թիվ 10 ԸԸՀ,43,1783,110,231,345,446
Թիվ 10 ԸԸՀ,44,1528,64,149,232,310
Թիվ 10 ԸԸՀ,45,1819,98,248,369,485
Թիվ 10 ԸԸՀ,46,1828,91,216,314,426
Թիվ 10 ԸԸՀ,47,1877,113,223,346,459
Թիվ 10 ԸԸՀ,48,1716,101,235,347,423
Թիվ 10 ԸԸՀ,49,1856,93,183,289,389
Թիվ 10 ԸԸՀ,50,1808,92,207,335,462
Թիվ 10 ԸԸՀ,51,452,26,42,69,130
Թիվ 10 ԸԸՀ,52,1916,102,235,366,525
Թիվ 10 ԸԸՀ,53,1848,119,256,389,570
Թիվ 10 ԸԸՀ,54,1967,115,235,319,488
Թիվ 10 ԸԸՀ,55,1882,109,246,351,537
,,,,,,
Ընդ.,55,97271,4926,11566,17706,23969
Ընդամենը,475,824250,47671,114759,176027,234553